INSERT INTO origin (origin_name) VALUES
('Italian'),
('French'),
('Japanese'),
('Chinese'),
('Mexican'),
('Indian'),
('Thai'),
('Spanish'),
('Greek'),
('Lebanese'),
('American'),
('Turkish'),
('British'),
('Peruvian'),
('Moroccan'),
('Portuguese'),
('Brazilian'),
('Serbian'),
('Hungarian'),
('Russian');

INSERT INTO food_group (group_name, group_description) VALUES
('Fruits', 'Rich in vitamins, minerals, fiber, and antioxidants'),
('Vegetables', 'Excellent sources of vitamins, minerals, fiber, and phytonutrients'),
('Grains', 'Provide fiber, vitamins, minerals, and complex carbohydrates'),
('Dairy', 'Rich in calcium, protein, vitamins, and other essential nutrients'),
('Fats and Oils', 'Important for brain function, hormone production, and nutrient absorption'),
('Legumes', 'Good sources of plant-based protein, fiber, vitamins, and minerals'),
('Red Meat', 'Contains essential nutrients like iron, zinc, and vitamin B12'),
('White Meat', 'Lower in fat and calories compared to red meat, good source of protein'),
('Eggs', 'High-quality protein, vitamins, and minerals, including choline and selenium'),
('Seafood', 'Rich in omega-3 fatty acids, protein, vitamins, and minerals'),
('Sweets', 'Sugar based products'),
('Spices','Used for flavoring or coloring food'),
('Other','Used for things like water etc');

INSERT INTO ingredient_to_food_group (ingredient_name, group_name) VALUES
('Chocolate', 'Sweets'),
('Sugar', 'Sweets'),
('Pasta', 'Grains'),
('Eggs', 'Eggs'),
('Pancetta', 'Red Meat'),
('Apple', 'Fruits'),
('Carrots', 'Vegetables'),
('Lemon', 'Fruits'),
('Onions', 'Vegetables'),
('Butter', 'Dairy'),
('Rice', 'Grains'),
('Nori', 'Seafood'),
('Rice Vinegar', 'Fats and Oils'),
('Ladyfingers', 'Sweets'),
('Espresso Coffee', 'Sweets'),
('Mascarpone Cheese', 'Dairy'),
('Zucchini', 'Vegetables'),
('Blueberries', 'Fruits'),
('Olive Oil', 'Fats and Oils'),
('Pumpkin', 'Vegetables'),
('Tortillas', 'Grains'),
('Ground Beef', 'Red Meat'),
('Cream Cheese', 'Dairy'),
('Chili', 'Vegetables'),
('Almond Flour', 'Grains'),
('Egg Whites', 'Eggs'),
('Fish', 'Seafood'),
('Spices', 'Legumes'),
('Mango', 'Fruits'),
('Coconut Milk', 'Dairy'),
('Clams', 'Seafood'),
('Egg Yolks', 'Eggs'),
('Toppings', 'Fats and Oils'),
('Chicken', 'White Meat'),
('Bean Sprouts', 'Vegetables'),
('Shrimp', 'Seafood'),
('Ribs', 'Red Meat'),
('BBQ Sauce', 'Sweets'),
('Tomatoes', 'Vegetables'),
('Peppers', 'Vegetables'),
('Cucumbers', 'Vegetables'),
('Cinnamon', 'Spices'),
('Peaches', 'Fruits'),
('Herbs', 'Spices'),
('Ice Cream', 'Sweets'),
('Cake', 'Sweets'),
('Meringue', 'Sweets'),
('Choux Pastry', 'Sweets'),
('Ground Meat', 'Red Meat'),
('Jam', 'Sweets'),
('Ricotta Cheese', 'Dairy'),
('Pastry Shells', 'Grains'),
('Seafood', 'Seafood'),
('Cocoa', 'Sweets'),
('Tempura Batter', 'Grains'),
('Miso Paste', 'Legumes'),
('Seaweed', 'Vegetables'),
('Yogurt', 'Dairy'),
('Garlic', 'Vegetables'),
('Phyllo Dough', 'Grains'),
('Honey', 'Sweets'),
('Grape Leaves', 'Vegetables'),
('Spinach', 'Vegetables'),
('Pita Bread', 'Grains'),
('Peanuts', 'Legumes'),
('Mushrooms', 'Vegetables'),
('Tofu', 'Legumes'),
('Bamboo Shoots', 'Vegetables'),
('Vegetables', 'Vegetables'),
('Meat', 'Red Meat'),
('Dumpling Wrappers', 'Grains'),
('Pork', 'Red Meat'),
('Noodles', 'Grains'),
('Adobo Sauce', 'Sweets'),
('Pineapple', 'Fruits'),
('Cilantro', 'Spices'),
('Avocado', 'Fruits'),
('Lime Juice', 'Fruits'),
('Cheese', 'Dairy'),
('Lamb', 'Red Meat'),
('Paneer Cheese', 'Dairy'),
('Cream', 'Dairy'),
('Cauliflower Florets', 'Vegetables'),
('Lemongrass', 'Spices'),
('Galangal', 'Spices'),
('Kaffir Lime Leaves', 'Spices'),
('Green Papaya', 'Vegetables'),
('Thai Basil', 'Spices'),
('Minced Meat', 'Red Meat'),
('Soy Sauce', 'Fats and Oils'),
('Octopus', 'Seafood'),
('Dough', 'Grains'),
('Ham', 'Red Meat'),
('Breadcrumbs', 'Grains'),
('Tahini', 'Fats and Oils'),
('Parsley', 'Spices'),
('Mint', 'Spices'),
('Chickpeas', 'Legumes'),
('Fava Beans', 'Legumes'),
('Eggplant', 'Vegetables'),
('Beef', 'Red Meat'),
('Bulgur Wheat', 'Grains'),
('Ground Lamb', 'Red Meat'),
('Skewers', 'Fats and Oils'),
('Flour', 'Grains'),
('Milk', 'Dairy'),
('Toffee Sauce', 'Sweets'),
('Minced Beef', 'Red Meat'),
('Potatoes', 'Vegetables'),
('Sponge Cake', 'Sweets'),
('Berries', 'Fruits'),
('Whipped Cream', 'Dairy'),
('Grilled Meat', 'Red Meat'),
('Small Dumplings', 'Grains'),
('Pide Bread', 'Grains'),
('Flatbread', 'Grains'),
('Rosewater', 'Sweets'),
('Citrus', 'Fruits'),
('Nuts', 'Legumes'),
('Beef Tenderloin', 'Red Meat'),
('Beef Heart', 'Red Meat'),
('Cheese Sauce', 'Dairy'),
('Chicken Salad', 'White Meat'),
('Sweet Potato', 'Vegetables'),
('Syrup', 'Sweets'),
('Salt', 'Spices'),
('Water', 'Other'),
('Vinegar', 'Other'),
('Vanilla Extract', 'Spices'),
('Black Pepper', 'Spices'),
('Ginger', 'Spices'),
('Cornstarch', 'Grains'),
('Olives', 'Fats and Oils'),
('Kebab', 'Red Meat'),
('Bananas', 'Fruits'),
('Pancake','Grains'),
('Couscous','Grains'),
('Cachaça','Other'),
('Beans','Legumes');

INSERT INTO equipment (eq_name, instructions) VALUES
('Knives', 'Chef knife, Paring knife, Bread knife'),
('Cutting Boards', 'Used to protect countertops and provide a surface for cutting'),
('Measuring Cups and Spoons', 'Used for measuring ingredients accurately'),
('Mixing Bowls', 'Used for mixing ingredients'),
('Wooden Spoons', 'Used for stirring and mixing'),
('Spatulas', 'Used for flipping, spreading, and scraping'),
('Whisks', 'Used for blending and whipping'),
('Tongs', 'Used for gripping and lifting food'),
('Colander', 'Used for draining liquids from food'),
('Vegetable Peeler', 'Used for peeling the skins off vegetables and fruits'),
('Grater', 'Used for grating cheese, vegetables, and other foods'),
('Can Opener', 'Used for opening cans'),
('Rolling Pin', 'Used for rolling out dough'),
('Kitchen Shears', 'Used for cutting food and other kitchen tasks'),
('Microplane', 'Used for zesting and grating'),
('Peeler', 'Used for peeling fruits and vegetables'),
('Food Processor', 'Used for chopping, slicing, and pureeing food'),
('Blender', 'Used for blending and pureeing ingredients'),
('Stand Mixer', 'Used for mixing and kneading dough'),
('Hand Mixer', 'Used for mixing ingredients'),
('Baking Sheets', 'Used for baking cookies and other items'),
('Cake Pans', 'Used for baking cakes'),
('Muffin Tins', 'Used for baking muffins and cupcakes'),
('Loaf Pans', 'Used for baking bread'),
('Pie Dishes', 'Used for baking pies'),
('Casserole Dishes', 'Used for baking casseroles'),
('Saucepans', 'Used for cooking sauces and other liquids'),
('Stockpot', 'Used for making stock and cooking large quantities of liquid'),
('Skillets/Frying Pans', 'Used for frying and sautéing'),
('Dutch Oven', 'Used for braising and slow cooking'),
('Slow Cooker', 'Used for cooking food slowly over a long period'),
('Instant Pot/Pressure Cooker', 'Used for quick cooking under pressure'),
('Rice Cooker', 'Used for cooking rice'),
('Toaster', 'Used for toasting bread'),
('Microwave Oven', 'Used for heating and cooking food quickly'),
('Oven Mitts and Pot Holders', 'Used for handling hot pots and pans'),
('Cooling Racks', 'Used for cooling baked goods'),
('Kitchen Scale', 'Used for measuring ingredients by weight'),
('Thermometer', 'Instant-read, Meat thermometer'),
('Salad Spinner', 'Used for drying salad greens'),
('Skewers', 'Sticks for cooking kebabs'),
('Grill', 'A cooking utensil of parallel bars on which food is exposed to heat');

INSERT INTO meal_type VALUES
('Breakfast'),
('Brunch'),
('Lunch'),
('Dinner'),
('Supper'),
('Snack'),
('Dessert');

INSERT INTO tips VALUES
('Marinate for Flavor'),
('Rest Dough'),
('Chill Cookie Dough'),
('Bring Meat to Room Temperature'),
('Let Baked Goods Cool'),
('Deglaze the Pan'),
('Toast Nuts and Spices'),
('Soak Beans'),
('Freeze Butter'),
('Salt Eggplant'),
('Proof Yeast'),
('Brine Poultry'),
('Peel Tomatoes Easily'),
('Rest Meat After Cooking'),
('Use Ice Bath for Blanched Vegetables'),
('Infuse Flavor with Citrus Zest'),
('Rest Pancake Batter'),
('Soak Wooden Skewers'),
('Use Room Temperature Eggs'),
('Salt Pasta Water Generously');

INSERT INTO theme (name, theme_description) VALUES
('Mexican Fiesta', 'A lively celebration featuring traditional Mexican dishes such as tacos, burritos, and margaritas'),
('Italian Night', 'An evening of classic Italian cuisine, including pasta dishes, pizza, and decadent desserts like tiramisu'),
('Asian Fusion', 'A fusion of flavors from various Asian cuisines, offering a diverse array of dishes like sushi, stir-fries, and dumplings'),
('Mediterranean Feast', 'A feast inspired by the Mediterranean region, with dishes like Greek salads, hummus, and baklava showcasing the vibrant flavors of the region'),
('BBQ Bash', 'A casual gathering centered around grilled favorites like ribs, burgers, and barbecue chicken, paired with classic sides like coleslaw and corn on the cob'),
('Hawaiian Luau', 'A tropical-themed party featuring Hawaiian specialties such as kalua pork, poke bowls, and fruity cocktails'),
('Southern Comfort', 'A taste of Southern hospitality with comforting dishes like fried chicken, biscuits, and peach cobbler'),
('Farmers Market', 'A menu highlighting seasonal produce sourced from local farmers markets, with fresh salads, roasted vegetables, and fruit desserts'),
('Brunch Buffet', 'A leisurely brunch spread featuring a mix of breakfast and lunch favorites, from fluffy pancakes to savory quiches'),
('Global Street Food', 'An exploration of international street food, offering a variety of handheld delights like empanadas, kebabs, and samosas'),
('Seafood Extravaganza', 'A seafood feast showcasing a variety of ocean delights, from shrimp cocktail to seafood paella'),
('Vegetarian Delight', 'A menu focused on flavorful vegetarian and plant-based dishes, offering creative options like veggie burgers and tofu stir-fries'),
('Movie Night Snacks', 'A selection of classic movie snacks, perfect for a cozy night in with popcorn, nachos, and hot dogs'),
('Around the World', 'A culinary journey featuring dishes from different countries, allowing guests to sample flavors from diverse cuisines'),
('DIY Food Bar', 'A customizable food experience with build-your-own stations like taco bars, pizza bars, and ice cream sundae bars, providing fun and creativity for guests'),
('Easter Desserts', 'Sweet treats inspired by Easter, including delights like hot cross buns, carrot cake, and Easter egg-shaped cookies'),
('Christmas Desserts', 'Festive desserts perfect for the holiday season, such as gingerbread cookies, Yule log cake, and peppermint bark');

INSERT INTO cook (first_name, surname, phone, birth_date, experience, type_of_cook) VALUES 
('John', 'Doe', '123-456-7890', '1990-05-15', 5, 5),
('Jane', 'Smith', '987-654-3210', '1985-10-25', 8, 4),
('Michael', 'Johnson', '456-789-0123', '1988-03-20', 3, 3),
('Emily', 'Brown', '789-012-3456', '1995-12-10', 2, 2),
('William', 'Jones', '234-567-8901', '1980-08-05', 10, 5),
('Emma', 'Wilson', '678-901-2345', '1983-09-15', 7, 4),
('David', 'Taylor', '345-678-9012', '1992-07-20', 4, 3),
('Olivia', 'Anderson', '890-123-4567', '1987-04-30', 6, 2),
('James', 'Martinez', '567-890-1234', '1984-06-12', 9, 5),
('Sophia', 'Hernandez', '012-345-6789', '1998-01-05', 1, 4),
('Daniel', 'Garcia', '901-234-5678', '1993-11-28', 3, 3),
('Ava', 'Lopez', '123-456-7890', '1986-02-15', 5, 2),
('Alexander', 'Perez', '987-654-3210', '1981-12-25', 12, 5),
('Mia', 'Gonzalez', '456-789-0123', '1990-09-10', 8, 4),
('Ethan', 'Rodriguez', '789-012-3456', '1996-03-20', 2, 3),
('Charlotte', 'Smith', '234-567-8901', '1989-08-28', 7, 2),
('Amelia', 'Johnson', '678-901-2345', '1982-05-15', 9, 5),
('Benjamin', 'Williams', '345-678-9012', '1991-07-10', 6, 4),
('Harper', 'Brown', '890-123-4567', '1994-04-05', 4, 3),
('Liam', 'Martinez', '012-345-6789', '1988-11-15', 6, 1),
('Evelyn', 'Garcia', '901-234-5678', '1993-06-28', 4, 1),
('Logan', 'Lopez', '123-456-7890', '1992-03-25', 5, 1),
('Abigail', 'Perez', '987-654-3210', '1997-09-20', 3, 1),
('Noah', 'Rodriguez', '456-789-0123', '1995-02-10', 2, 1),
('Ella', 'Martinez', '012-345-6789', '1990-11-15', 6, 5),
('Liam', 'Garcia', '901-234-5678', '1993-06-28', 4, 4),
('Charlotte', 'Lopez', '123-456-7890', '1992-03-25', 5, 3),
('Avery', 'Perez', '987-654-3210', '1997-09-20', 3, 2),
('Oliver', 'Rodriguez', '456-789-0123', '1995-02-10', 2, 1),
('Sophia', 'Gonzalez', '345-678-9012', '1988-09-25', 6, 5),
('Jackson', 'Smith', '678-901-2345', '1987-12-05', 7, 4),
('Aiden', 'Brown', '901-234-5678', '1996-06-28', 3, 3),
('Isabella', 'Johnson', '234-567-8901', '1993-01-15', 4, 2),
('Lucas', 'Williams', '789-012-3456', '1998-08-20', 2, 1),
('Mia', 'Martinez', '901-234-5678', '1991-05-10', 5, 5),
('Logan', 'Garcia', '012-345-6789', '1986-02-28', 8, 4),
('Evelyn', 'Lopez', '456-789-0123', '1995-07-20', 6, 3),
('William', 'Perez', '789-012-3456', '1983-09-10', 10, 2),
('Abigail', 'Rodriguez', '234-567-8901', '1997-04-15', 4, 1),
('Noah', 'Gonzalez', '678-901-2345', '1982-01-25', 9, 5),
('Emma', 'Smith', '901-234-5678', '1994-06-10', 7, 4),
('James', 'Brown', '345-678-9012', '1993-09-15', 5, 3),
('Sophia', 'Johnson', '890-123-4567', '1996-02-10', 3, 2),
('Ethan', 'Williams', '234-567-8901', '1991-10-25', 6, 1),
('Amelia', 'Martinez', '678-901-2345', '1980-07-20', 8, 5),
('Oliver', 'Garcia', '901-234-5678', '1985-04-15', 9, 4),
('Avery', 'Lopez', '234-567-8901', '1990-03-10', 7, 3),
('Charlotte', 'Perez', '678-901-2345', '1987-08-28', 4, 2),
('Ethan', 'Rodriguez', '901-234-5678', '1992-05-15', 5, 1),
('Isabella', 'Gonzalez', '234-567-8901', '1999-02-05', 2, 5),
('Logan', 'Smith', '567-890-1234', '1984-09-20', 8, 4),
('Ava', 'Brown', '901-234-5678', '1998-07-10', 6, 3),
('Mason', 'Johnson', '234-567-8901', '1991-04-05', 3, 2);

INSERT INTO recipe (recipe_name, is_pastry, origin_id, difficulty, recipe_description, prep_time, cook_time, steps, portion) VALUES 
('Chocolate Cake', TRUE, 11, 3, 'A delicious chocolate cake with rich frosting.', 30, 45, 5, 8),
('Spaghetti Carbonara', FALSE, 1, 2, 'Classic Italian pasta dish with eggs, cheese, and pancetta.', 20, 15, 4, 4),
('Apple Pie', TRUE, 11, 2, 'A traditional apple pie with a flaky crust.', 40, 50, 6, 8),
('Beef Stew', FALSE, 13, 4, 'Hearty beef stew with potatoes, carrots, and peas.', 25, 120, 7, 6),
('Lemon Tart', TRUE, 2, 3, 'Tart and sweet lemon dessert with a buttery crust.', 35, 20, 5, 6),
('Chicken Curry', FALSE, 6, 3, 'Spicy and flavorful chicken curry with coconut milk.', 20, 40, 6, 4),
('Croissants', TRUE, 2, 5, 'Flaky and buttery French pastries.', 60, 15, 10, 12),
('Sushi', FALSE, 3, 5, 'Traditional Japanese dish with vinegared rice and seafood.', 50, 0, 8, 2),
('Tiramisu', TRUE, 1, 2, 'Classic Italian dessert with layers of coffee-soaked ladyfingers and mascarpone cheese.', 25, 0, 5, 8),
('Ratatouille', FALSE, 2, 3, 'French vegetable stew with eggplant, zucchini, and tomatoes.', 30, 60, 7, 4),
('Blueberry Muffins', TRUE, 11, 2, 'Soft and moist muffins filled with fresh blueberries.', 20, 25, 4, 12),
('Pasta Primavera', FALSE, 1, 3, 'Pasta with a mix of fresh vegetables and a light sauce.', 15, 20, 5, 4),
('Pumpkin Pie', TRUE, 11, 2, 'A classic pumpkin pie with a spiced filling.', 30, 50, 6, 8),
('Chicken Tacos', FALSE, 5, 1, 'Simple and tasty chicken tacos with fresh toppings.', 15, 10, 3, 4),
('Chocolate Eclairs', TRUE, 2, 4, 'Pastry filled with cream and topped with chocolate glaze.', 45, 20, 7, 6),
('Pad Thai', FALSE, 7, 3, 'Traditional Thai stir-fried noodles with shrimp and peanuts.', 20, 15, 6, 4),
('Banana Bread', TRUE, 11, 1, 'Moist banana bread with a hint of cinnamon.', 15, 60, 4, 10),
('Lasagna', FALSE, 1, 4, 'Layered pasta dish with meat, cheese, and tomato sauce.', 30, 90, 8, 8),
('Cheesecake', TRUE, 11, 3, 'Creamy cheesecake with a graham cracker crust.', 25, 60, 5, 8),
('Tom Yum Soup', FALSE, 7, 2, 'Spicy and sour Thai soup with shrimp and mushrooms.', 20, 15, 5, 4),
('Macarons', TRUE, 2, 5, 'Delicate French meringue cookies with a creamy filling.', 60, 15, 8, 24),
('Beef Tacos', FALSE, 5, 2, 'Flavorful beef tacos with fresh salsa and cheese.', 10, 15, 4, 4),
('Fish and Chips', FALSE, 13, 2, 'Classic British dish of fried fish and crispy fries.', 15, 20, 6, 2),
('Chicken Alfredo', FALSE, 1, 2, 'Creamy pasta with grilled chicken and Alfredo sauce.', 20, 15, 5, 4),
('Fruit Tart', TRUE, 2, 3, 'Pastry crust filled with custard and topped with fresh fruit.', 40, 20, 6, 8),
('Biryani', FALSE, 6, 3, 'Spiced rice dish with meat and vegetables.', 30, 45, 7, 6),
('Mango Sticky Rice', TRUE, 7, 1, 'Traditional Thai dessert with sweet sticky rice and mango.', 10, 20, 4, 4),
('Clam Chowder', FALSE, 11, 3, 'Creamy soup with clams, potatoes, and vegetables.', 20, 40, 6, 6),
('Creme Brulee', TRUE, 2, 4, 'Rich custard base topped with a layer of hardened caramelized sugar.', 15, 45, 4, 4),
('Vegetable Stir Fry', FALSE, 4, 1, 'Quick and easy stir-fried vegetables with soy sauce.', 10, 10, 3, 2),
('Raspberry Cheesecake', TRUE, 11, 3, 'Creamy cheesecake with a tangy raspberry swirl.', 25, 60, 5, 8),
('BBQ Ribs', FALSE, 11, 3, 'Tender and flavorful ribs with a smoky barbecue sauce.', 20, 180, 7, 4),
('Éclairs', TRUE, 2, 4, 'French pastry filled with cream and topped with chocolate.', 60, 20, 7, 6),
('Gazpacho', FALSE, 8, 1, 'Cold Spanish soup made with tomatoes, peppers, and cucumbers.', 15, 0, 4, 4),
('Cinnamon Rolls', TRUE, 11, 3, 'Soft and fluffy rolls with a cinnamon-sugar filling.', 30, 20, 6, 12),
('Peach Cobbler', TRUE, 11, 2, 'Warm dessert with sweet peaches and a biscuit-like topping.', 20, 40, 5, 8),
('Baked Alaska', TRUE, 11, 5, 'Ice cream and cake topped with browned meringue.', 40, 10, 6, 8),
('Fajitas', FALSE, 5, 2, 'Grilled meat served with tortillas and various accompaniments.', 15, 10, 4, 4),
('Profiteroles', TRUE, 2, 4, 'Choux pastry balls filled with cream and topped with chocolate sauce.', 45, 15, 7, 12),
('Stuffed Peppers', FALSE, 11, 3, 'Bell peppers stuffed with a mixture of rice, meat, and spices.', 20, 40, 6, 4),
('Victoria Sponge Cake', TRUE, 13, 2, 'Classic British cake with layers of sponge, jam, and cream.', 30, 25, 5, 8),
('Moussaka', FALSE, 9, 4, 'Greek dish with layers of eggplant, meat, and béchamel sauce.', 40, 60, 8, 6),
('Cannoli', TRUE, 1, 3, 'Italian pastry tubes filled with sweet ricotta cheese.', 30, 10, 5, 12),
('Paella', FALSE, 8, 4, 'Spanish rice dish with seafood, chicken, and vegetables.', 30, 45, 7, 6),
('Red Velvet Cake', TRUE, 11, 3, 'Rich, moist cake with a hint of cocoa and a cream cheese frosting.', 25, 30, 6, 8),
('Tempura', FALSE, 3, 3, 'Lightly battered and fried seafood and vegetables.', 20, 15, 4, 2),
('Teriyaki Chicken', FALSE, 3, 2, 'Grilled chicken glazed with a sweet and savory teriyaki sauce.', 15, 20, 3, 4),
('Miso Soup', FALSE, 3, 1, 'Savory soup made with fermented soybean paste, tofu, and seaweed.', 10, 10, 2, 4),
('Yakitori', FALSE, 3, 3, 'Skewered and grilled chicken pieces brushed with a tangy sauce.', 20, 15, 4, 2),
('Tonkatsu', FALSE, 3, 4, 'Breaded and deep-fried pork cutlets served with a sweet and tangy sauce.', 30, 20, 5, 2),
('Tzatziki', FALSE, 9, 1, 'Refreshing cucumber and yogurt dip with garlic and herbs.', 10, 0, 2, 4),
('Baklava', TRUE, 9, 4, 'Rich, sweet pastry made of layers of filo filled with nuts and honey syrup.', 45, 30, 7, 16),
('Greek Lemon Chicken', FALSE, 9, 2, 'Tender chicken marinated in lemon, garlic, and oregano, then roasted until golden brown.', 20, 40, 4, 4),
('Greek Lemon Potatoes', FALSE, 9, 2, 'Oven-roasted potatoes with lemon, garlic, and oregano.', 15, 45, 3, 4),
('Greek Moussaka', FALSE, 9, 3, 'Traditional Greek dish with layers of eggplant, ground meat, and creamy béchamel sauce.', 45, 60, 8, 6),
('Dolmades', FALSE, 9, 3, 'Grape leaves stuffed with rice, herbs, and occasionally ground meat, served with lemon wedges.', 30, 60, 5, 4),
('Greek Salad', FALSE, 9, 1, 'Refreshing salad with tomatoes, cucumbers, olives, feta cheese, and a lemon-oregano dressing.', 15, 0, 3, 2),
('Spanakopita', FALSE, 9, 4, 'Flaky phyllo pastry filled with spinach, feta cheese, and herbs.', 45, 30, 6, 8),
('Souvlaki', FALSE, 9, 3, 'Grilled skewers of marinated meat, typically pork, served with pita bread and tzatziki sauce.', 30, 20, 5, 4),
('Mapo Tofu', FALSE, 4, 3, 'Spicy and flavorful tofu dish with minced meat and Sichuan peppercorns.', 10, 25, 5, 4),
('Kung Pao Chicken', FALSE, 4, 2, 'Stir-fried chicken with peanuts, vegetables, and a spicy sauce.', 15, 20, 4, 4),
('Hot and Sour Soup', FALSE, 4, 2, 'Tangy and spicy soup with mushrooms, tofu, and bamboo shoots.', 15, 30, 5, 4),
('Spring Rolls', FALSE, 4, 3, 'Crispy fried rolls filled with vegetables and sometimes meat.', 20, 40, 4, 8),
('Dumplings (Jiaozi)', TRUE, 4, 3, 'Dumplings filled with seasoned ground meat or vegetables, often served with dipping sauce.', 20, 30, 4, 6),
('Sweet and Sour Pork', FALSE, 4, 3, 'Crispy fried pork pieces coated in a tangy sweet and sour sauce.', 15, 40, 5, 4),
('Beef Chow Mein', FALSE, 4, 2, 'Stir-fried noodles with tender beef and vegetables.', 10, 25, 4, 4),
('Ma Po Eggplant', FALSE, 4, 3, 'Spicy Sichuan dish with eggplant, ground pork, and a flavorful sauce.', 15, 30, 5, 4),
('Tacos al Pastor', FALSE, 5, 3, 'Tender pork marinated in adobo sauce and cooked on a vertical spit, served in tortillas with pineapple and cilantro.', 30, 60, 5, 4),
('Guacamole', FALSE, 5, 1, 'Creamy avocado dip mixed with lime juice, tomatoes, onions, and cilantro, served with tortilla chips.', 15, 0, 5, 6),
('Chiles Rellenos', FALSE, 5, 3, 'Poblano peppers stuffed with cheese, dipped in egg batter, and fried until golden brown, served with tomato sauce.', 30, 40, 4, 4),
('Mole Poblano', FALSE, 5, 4, 'Rich and complex sauce made with chocolate, chilies, spices, and nuts, served over chicken or turkey.', 20, 90, 5, 4),
('Rogan Josh', FALSE, 6, 3, 'Flavorful lamb curry cooked with aromatic spices, tomatoes, yogurt, and garlic, served with basmati rice or naan.', 40, 50, 5, 4),
('Vegetable Biryani', FALSE, 6, 3, 'Fragrant rice dish cooked with assorted vegetables, spices, and herbs, flavored with saffron, served with raita.', 35, 40, 4, 4),
('Chicken Tikka Masala', FALSE, 6, 3, 'Grilled chicken marinated in yogurt and spices, served in a creamy tomato-based sauce with garlic naan or rice.', 30, 40, 5, 4),
('Palak Paneer', FALSE, 6, 2, 'Creamy spinach curry with cubes of paneer cheese, seasoned with garlic, ginger, and spices, served with rice or naan.', 20, 30, 4, 4),
('Butter Chicken (Murgh Makhani)', FALSE, 6, 3, 'Tender chicken cooked in a rich tomato-based sauce with butter, cream, and aromatic spices, served with rice or naan.', 25, 45, 5, 4),
('Aloo Gobi', FALSE, 6, 2, 'Stir-fried potatoes and cauliflower florets cooked with onions, tomatoes, and spices, served with roti or rice.', 20, 35, 4, 4),
('Chana Masala', FALSE, 6, 2, 'Spicy chickpea curry cooked with tomatoes, onions, garlic, and ginger, seasoned with garam masala and served with rice or naan.', 20, 30, 4, 4),
('Tom Yum Goong', FALSE, 7, 3, 'Spicy and sour soup with shrimp, mushrooms, lemongrass, galangal, and kaffir lime leaves, flavored with fish sauce and lime juice.', 20, 30, 5, 4),
('Som Tum (Green Papaya Salad)', FALSE, 7, 2, 'Crunchy and spicy salad made with shredded green papaya, tomatoes, green beans, peanuts, chili, garlic, and lime juice.', 15, 20, 4, 4),
('Massaman Curry', FALSE, 7, 3, 'Rich and aromatic curry with tender beef or chicken, potatoes, onions, peanuts, and bay leaves, flavored with massaman curry paste.', 30, 40, 5, 4),
('Tom Kha Gai', FALSE, 7, 2, 'Coconut milk soup with chicken, mushrooms, galangal, lemongrass, and kaffir lime leaves, seasoned with fish sauce and lime juice.', 20, 25, 4, 4),
('Pad Kra Pao', FALSE, 7, 2, 'Stir-fried minced meat (usually pork or chicken) with Thai basil, garlic, chili, and soy sauce, served with rice and a fried egg on top.', 15, 20, 4, 4),
('Khao Pad', FALSE, 7, 2, 'Stir-fried rice with shrimp, chicken, or tofu, eggs, onions, tomatoes, and green onions, flavored with soy sauce and fish sauce.', 15, 25, 4, 4),
('Tortilla Española', FALSE, 8, 2, 'Classic Spanish omelette made with eggs, potatoes, onions, and olive oil, served hot or cold.', 20, 30, 4, 4),
('Patatas Bravas', FALSE, 8, 2, 'Crispy fried potatoes served with a spicy tomato sauce (salsa brava) and aioli (garlic mayonnaise), often served as a tapa.', 20, 30, 4, 4),
('Pulpo a la Gallega', FALSE, 8, 3, 'Tender octopus cooked with paprika, olive oil, and sea salt, served on sliced potatoes and drizzled with olive oil.', 20, 40, 4, 4),
('Churros con Chocolate', TRUE, 8, 2, 'Deep-fried dough pastry dusted with sugar, served with a cup of thick hot chocolate for dipping.', 25, 30, 4, 4),
('Croquetas de Jamón', FALSE, 8, 2, 'Creamy and crispy fried croquettes made with a mixture of béchamel sauce, diced ham, and breadcrumbs, often served as a tapa.', 30, 30, 4, 4),
('Hummus', FALSE, 10, 1, 'Creamy dip made with mashed chickpeas, tahini, lemon juice, garlic, and olive oil, served with pita bread or vegetables.', 15, 0, 5, 4),
('Tabbouleh', FALSE, 10, 1, 'Refreshing salad made with chopped parsley, tomatoes, mint, onions, bulgur wheat, lemon juice, and olive oil.', 20, 0, 4, 4),
('Falafel', FALSE, 10, 2, 'Crispy fried balls made from ground chickpeas or fava beans, seasoned with herbs and spices, served with tahini sauce or in pita bread with vegetables.', 25, 30, 4, 4),
('Moutabal (Baba Ghanoush)', FALSE, 10, 1, 'Smoky dip made with roasted eggplant, tahini, garlic, lemon juice, and olive oil, served with pita bread or vegetables.', 20, 0, 4, 4),
('Shawarma', FALSE, 10, 2, 'Grilled meat (usually chicken, lamb, or beef) seasoned with spices, sliced thinly, and served in pita bread with tahini sauce, vegetables, and pickles.', 30, 30, 4, 4),
('Kibbeh', FALSE, 10, 3, 'Deep-fried croquettes made from bulgur wheat, minced onions, ground meat (usually beef or lamb), and spices, served with yogurt sauce.', 40, 30, 4, 4),
('Lamb Kofta', FALSE, 10, 2, 'Grilled ground lamb skewers seasoned with spices and herbs, served with rice, grilled vegetables, or in pita bread with tahini sauce.', 25, 20, 4, 4),
('Yorkshire Pudding', TRUE, 13, 2, 'Light and fluffy baked batter made from eggs, flour, and milk, traditionally served with roast beef and gravy as part of a Sunday roast dinner.', 15, 25, 4, 4),
('Sticky Toffee Pudding', TRUE, 13, 2, 'Indulgent dessert made from moist sponge cake drenched in toffee sauce, often served warm with vanilla ice cream or custard.', 30, 40, 4, 4),
('Cottage Pie', FALSE, 13, 2, 'Similar to Shepherds Pie but made with minced beef instead of lamb, topped with mashed potatoes and baked until golden brown.', 30, 40, 4, 4),
('Trifle', TRUE, 13, 2, 'Layered dessert made with sponge cake soaked in sherry, fruit (such as berries), custard, and whipped cream, garnished with almonds or chocolate shavings.', 25, 0, 4, 4),
('Kebab', FALSE, 12, 3, 'Grilled meat (usually lamb, beef, or chicken) served on skewers, often accompanied by rice, salad, and flatbread.', 30, 20, 4, 4),
('Köfte', FALSE, 12, 2, 'Seasoned meatballs made from ground lamb or beef, mixed with onions, garlic, herbs, and spices, often served with yogurt or tomato sauce.', 25, 25, 4, 4),
('Manti', FALSE, 12, 3, 'Small dumplings filled with seasoned ground meat, usually served with yogurt, garlic, and paprika-infused butter sauce.', 40, 30, 4, 4),
('İskender Kebab', FALSE, 12, 3, 'Döner kebab served over pieces of pide bread and topped with tomato sauce and yogurt, often accompanied by grilled vegetables.', 35, 25, 4, 4),
('Pide', FALSE, 12, 2, 'Turkish flatbread topped with various ingredients such as minced meat, cheese, vegetables, and herbs, similar to pizza.', 20, 30, 4, 4),
('Menemen', FALSE, 12, 2, 'Scrambled eggs cooked with tomatoes, peppers, onions, and spices, often served with bread for breakfast or brunch.', 15, 20, 4, 4),
('Turkish Delight (Lokum)', TRUE, 12, 1, 'Chewy and sweet confection made from starch and sugar, flavored with rosewater, citrus, or nuts, and often dusted with powdered sugar or coconut flakes.', 20, 0, 4, 4),
('Ceviche', FALSE, 14, 2, 'Fresh raw fish marinated in citrus juices (usually lime or lemon) and mixed with onions, chili peppers, and cilantro, served cold as an appetizer.', 20, 0, 5, 4),
('Lomo Saltado', FALSE, 14, 3, 'Stir-fried beef tenderloin strips cooked with onions, tomatoes, and peppers, seasoned with soy sauce and vinegar, served with rice and fries.', 30, 25, 4, 4),
('Aji de Gallina', FALSE, 14, 3, 'Shredded chicken cooked in a creamy yellow chili pepper sauce with onions, garlic, and spices, served with rice, boiled potatoes, and olives.', 40, 30, 4, 4),
('Anticuchos', FALSE, 14, 2, 'Grilled skewers of marinated beef heart or other meats, served with boiled potatoes and a spicy chili sauce.', 30, 20, 4, 4),
('Papa a la Huancaina', FALSE, 14, 2, 'Boiled yellow potatoes served with a spicy cheese sauce made from queso fresco, aji amarillo chili peppers, garlic, and evaporated milk, garnished with olives and hard-boiled eggs.', 25, 20, 4, 4),
('Causa Rellena', FALSE, 14, 2, 'Layered potato dish made with mashed yellow potatoes seasoned with lime juice and aji amarillo chili pepper, filled with a filling such as chicken salad or tuna, and garnished with avocado, hard-boiled eggs, and olives.', 30, 20, 4, 4),
('Picarones', TRUE, 14, 2, 'Sweet potato and pumpkin doughnuts served with a syrup made from chancaca (unrefined sugar), flavored with cinnamon and cloves.', 40, 30, 4, 4),
('Moroccan Lamb Tagine', FALSE, 15, 3, 'A traditional Moroccan dish cooked in a conical clay pot, combining tender lamb with a variety of aromatic spices and dried fruits.', 20, 120, 4, 4),
('Vegetable Couscous', FALSE, 15, 1, 'A hearty Moroccan dish consisting of fluffy couscous topped with a medley of vegetables, seasoned with a blend of spices and herbs.', 30, 60, 4, 6),
('Chicken Bastilla', TRUE, 15, 5, 'A savory-sweet Moroccan pastry filled with spiced chicken, almonds, and eggs, wrapped in delicate layers of phyllo dough and dusted with powdered sugar and cinnamon.', 60, 45, 4, 8),
('Moroccan Harira Soup', FALSE, 15, 3, 'A hearty Moroccan soup made with a base of tomatoes, lentils, chickpeas, and lamb, seasoned with spices and herbs, and finished with a squeeze of lemon.', 20, 60, 4, 6),
('Moroccan Mint Tea', FALSE, 15, 1, 'A refreshing Moroccan beverage made with green tea leaves, fresh mint, and sugar, served hot and poured from a height to create froth.', 5, 5, 4, 4),
('Arroz de Pato', FALSE, 16, 3, 'A traditional Portuguese duck and rice casserole dish, flavored with chorizo, bacon, and a hint of orange zest, baked until golden brown.', 45, 60, 5, 4),
('Francesinha', FALSE, 16, 4, 'A hearty Portuguese sandwich made with layers of cured meats, melted cheese, and a spicy beer-based sauce, typically served with fries.', 40, 45, 6, 2),
('Pastéis de Nata', TRUE, 16, 4, 'Delicious Portuguese custard tarts with flaky pastry crusts and creamy custard filling, sprinkled with cinnamon and sugar.', 60, 25, 5, 12),
('Caldo Verde', FALSE, 16, 2, 'A classic Portuguese soup made with potatoes, collard greens, and chorizo sausage, seasoned with garlic and olive oil.', 20, 30, 4, 6),
('Bacalhau à Brás', FALSE, 16, 3, 'A traditional Portuguese dish made with shredded salted cod, onions, and thinly chopped fried potatoes, bound together with scrambled eggs.', 30, 30, 6, 4),
('Feijoada', FALSE, 17, 3, 'Feijoada is a traditional Brazilian stew of black beans with pork or beef. It is typically served with rice, collard greens, and orange slices.', 30, 180, 5, 6),
('Pão de Queijo', TRUE, 17, 2, 'Pão de queijo is a popular Brazilian cheese bread made with tapioca flour and cheese. It is crispy on the outside and chewy on the inside.', 20, 30, 4, 12),
('Moqueca', FALSE, 17, 4, 'Moqueca is a Brazilian fish stew made with coconut milk, tomatoes, peppers, and spices. It is typically served with rice and farofa (toasted cassava flour).', 45, 40, 6, 4),
('Caipirinha', FALSE, 17, 1, 'Caipirinha is Brazil\'s national cocktail, made with cachaça (a distilled spirit made from sugarcane), lime, sugar, and ice.', 5, 0, 2, 1),
('Brigadeiro', TRUE, 17, 1, 'Brigadeiro is a popular Brazilian chocolate truffle made with condensed milk, cocoa powder, butter, and chocolate sprinkles.', 15, 10, 3, 10),
('Ajvar', FALSE, 18, 2, 'Ajvar is a traditional Serbian red pepper and eggplant spread.', 20, 60, 4, 8),
('Sarma', FALSE, 18, 3, 'Sarma is a dish of cabbage leaves stuffed with a mixture of minced meat, rice, and spices.', 40, 120, 5, 6),
('Burek', TRUE, 18, 4, 'Burek is a flaky pastry filled with minced meat, cheese, or spinach.', 60, 45, 6, 4),
('Cevapi', FALSE, 18, 2, 'Cevapi are small, grilled sausages made from minced meat, usually served with bread and onions.', 30, 20, 3, 10),
('Pita', TRUE, 18, 3, 'Pita is a traditional Serbian pie made with layers of filo pastry filled with various ingredients such as cheese, meat, or potatoes.', 45, 60, 5, 6),
('Hungarian Goulash', FALSE, 19, 3, 'A hearty beef stew with paprika, onions, and potatoes.', 20, 120, 5, 4),
('Chicken Paprikash', FALSE, 19, 2, 'Tender chicken cooked in a creamy paprika sauce, served with dumplings or noodles.', 15, 40, 4, 4),
('Lángos', TRUE, 19, 2, 'Deep-fried dough topped with garlic, sour cream, and cheese.', 30, 20, 3, 6),
('Dobos Torte', TRUE, 19, 4, 'A multi-layered sponge cake with chocolate buttercream and caramel topping.', 45, 60, 8, 8),
('Rakott Krumpli', FALSE, 19, 3, 'Layers of sliced potatoes, boiled eggs, sausage, and sour cream, baked until golden brown.', 30, 60, 6, 6),
('Borscht', FALSE, 20, 3, 'A hearty soup made with beets, cabbage, potatoes, and sometimes meat. It is flavored with garlic, dill, and sometimes sour cream.', 20, 60, 6, 4),
('Pelmeni', TRUE, 20, 2, 'Small dumplings filled with minced meat, usually pork, beef, or lamb. They are typically served with sour cream or butter.', 30, 20, 4, 6),
('Olivier Salad', FALSE, 20, 2, 'A classic Russian salad made with boiled potatoes, carrots, peas, pickles, eggs, and mayonnaise.', 25, 0, 5, 6),
('Beef Stroganoff', FALSE, 20, 4, 'Tender beef strips cooked in a creamy sauce with mushrooms, onions, and sour cream. It is typically served over egg noodles or rice.', 15, 30, 5, 4),
('Blintzes', TRUE, 20, 3, 'Thin pancakes filled with sweetened cheese or fruit preserves. They are rolled up and often served with sour cream or fruit sauce.', 20, 30, 4, 8);




INSERT INTO ingredient (ingredient_name, fat, protein, carbs, calories) VALUES
('Syrup', 0.1, 0, 67, 260),
('Sweet Potato', 0.1, 1.6, 20, 86),
('Chicken Salad', 12, 17, 3, 196),
('Cheese Sauce', 10, 9, 6, 150),
('Beef Heart', 3.5, 20, 0, 130),
('Beef Tenderloin', 8.5, 24, 0, 200),
('Nuts', 50, 20, 22, 600),
('Citrus', 0.2, 1, 12, 50),
('Rosewater', 0, 0, 0, 0),
('Flatbread', 1.5, 7.6, 50, 260),
('Pide Bread', 3, 8, 45, 240),
('Small Dumplings', 5, 9, 35, 230),
('Grilled Meat', 10, 26, 0, 250),
('Whipped Cream', 32, 2.5, 3, 257),
('Berries', 0.5, 1, 14, 57),
('Sponge Cake', 10, 6, 50, 300),
('Potatoes', 0.1, 2, 17, 77),
('Minced Beef', 20, 26, 0, 332),
('Toffee Sauce', 8, 1, 61, 308),
('Milk', 1, 3.4, 4.8, 42),
('Flour', 1, 10, 76, 364),
('Skewers', 10, 15, 5, 180),
('Ground Lamb', 23, 17, 0, 294),
('Bulgur Wheat', 0.6, 12.3, 69, 342),
('Beef', 15, 26, 0, 250), 
('Eggplant', 0.2, 1, 6, 25),
('Fava Beans', 0.5, 8.2, 19.6, 110),
('Chickpeas', 6, 19, 61, 364),
('Mint', 0.6, 3.8, 8, 70),
('Parsley', 0.8, 3, 6, 36),
('Tahini', 54, 17, 21, 595),
('Breadcrumbs', 5, 13, 71, 395),
('Ham', 5.5, 20, 1.5, 145),
('Dough', 6, 8, 49, 300),
('Octopus', 1, 14, 2, 82),
('Soy Sauce', 0.1, 5, 4.9, 53),
('Minced Meat', 20, 26, 0, 290),
('Thai Basil', 0.6, 3.2, 2.6, 23),
('Green Papaya', 0.1, 0.5, 11, 43),
('Kaffir Lime Leaves', 1.0, 2.9, 2.5, 34),
('Galangal', 1.0, 1.0, 15, 71),
('Lemongrass', 0.5, 1.8, 25, 99),
('Cauliflower Florets', 0.3, 1.9, 4.0, 25),
('Cream', 37, 2.1, 2.9, 340),
('Paneer Cheese', 20, 18, 2, 265),
('Lamb', 21, 25, 0, 294),
('Cheese', 33, 25, 1.3, 402),
('Lime Juice', 0.1, 0.4, 8.4, 25),
('Avocado', 15, 2, 9, 160),
('Cilantro', 0.5, 2.1, 3.7, 23),
('Pineapple', 0.1, 0.5, 13, 50),
('Adobo Sauce', 8, 2, 12, 120),
('Noodles', 1.5, 7, 25, 138),
('Pork', 21, 27, 0, 242),
('Dumpling Wrappers', 1, 8, 58, 275),
('Meat', 15, 26, 0, 250),
('Vegetables', 0.5, 2, 10, 50),
('Bamboo Shoots', 0.2, 2.6, 5.2, 27),
('Tofu', 4.8, 8, 1.9, 76),
('Mushrooms', 0.3, 3.1, 3.3, 22),
('Peanuts', 49.2, 25.8, 16.1, 567),
('Pita Bread', 1.2, 8, 55, 275),
('Spinach', 0.4, 2.9, 3.6, 23),
('Grape Leaves', 2.1, 5.6, 17.3, 93),
('Honey', 0, 0.3, 82.4, 304),
('Phyllo Dough', 7.2, 8.2, 47.1, 329),
('Garlic', 0.5, 6.4, 33, 149),
('Yogurt', 3.3, 3.5, 4.7, 61),
('Seaweed', 0.6, 1.7, 8, 45),
('Miso Paste', 6, 12, 25, 198),
('Tempura Batter', 6.8, 5.2, 50.6, 294),
('Cocoa', 13, 20, 10, 250),
('Seafood', 2, 20, 0, 100),
('Pastry Shells', 15, 5, 45, 350),
('Ricotta Cheese', 25, 15, 3, 300),
('Jam', 0.5, 0.5, 60, 250),
('Ground Meat', 20, 25, 0, 300),
('Choux Pastry', 20, 5, 40, 350),
('Meringue', 2, 2, 60, 300),
('Cake', 15, 5, 50, 350),
('Ice Cream', 20, 5, 30, 250),
('Herbs', 1, 3, 10, 50),
('Peaches', 0.3, 1, 15, 60),
('Cinnamon', 3, 1, 20, 100),
('Cucumbers', 0.1, 0.7, 3.6, 16),
('Peppers', 0.3, 0.9, 6, 26),
('Tomatoes', 0.2, 0.9, 3.9, 18),
('BBQ Sauce', 0.5, 1, 30, 130),
('Ribs', 16, 20, 0, 232),
('Shrimp', 0.3, 20, 0, 85),
('Bean Sprouts', 0.4, 3.2, 3.6, 23),
('Chicken', 3.6, 31, 0, 165),
('Toppings', 10, 5, 15, 150),
('Egg Yolks', 27, 16, 1.4, 322),
('Clams', 1.5, 24, 5, 126),
('Coconut Milk', 24, 2, 6, 230),
('Mango', 0.6, 0.8, 14, 60),
('Spices', 6, 7, 26, 333),
('Fish', 5, 22, 0, 150),
('Egg Whites', 0.2, 11, 1.3, 52),
('Almond Flour', 50, 22, 20, 600),
('Chili', 1, 5, 10, 100),
('Cream Cheese', 34, 6, 4, 350),
('Ground Beef', 20, 25, 0, 290),
('Tortillas', 7, 10, 53, 300),
('Pumpkin', 0.1, 1, 9, 26),
('Olive Oil', 100, 0, 0, 900),
('Blueberries', 0.4, 0.7, 14, 57),
('Zucchini', 0.5, 1.2, 3.1, 17),
('Mascarpone Cheese', 47, 4, 1.3, 450),
('Espresso Coffee', 15, 3, 0, 94),
('Ladyfingers', 6, 8, 64, 390),
('Rice Vinegar', 0, 0, 0.4, 2),
('Nori', 0.1, 5.8, 50, 250),
('Rice', 0.3, 2.7, 28, 130),
('Butter', 81, 0.9, 0.1, 717),
('Onions', 0.1, 1.1, 9.3, 40),
('Lemon', 0.3, 1.1, 9.3, 29),
('Carrots', 0.2, 0.9, 10, 41),
('Apple', 0.3, 0.3, 14, 52),
('Pancetta', 29, 19, 0, 332),
('Eggs', 10, 13, 1.1, 155),
('Pasta', 1.1, 13, 75, 370),
('Sugar', 0, 0, 100, 387),
('Chocolate', 31, 5, 57, 546),
('Salt', 0, 0, 0, 0),
('Water', 0, 0, 0, 0),
('Vinegar', 0.0, 0.0, 0.5, 1),
('Vanilla Extract', 0.1, 0.1, 12.7, 288),
('Black Pepper', 3, 10, 64, 251),
('Ginger', 1, 2, 18, 79),
('Cornstarch', 0, 0, 91, 381),
('Olives', 11, 1, 6, 116),
('Kebab', 10,  12, 11, 200),
('Bananas', 0, 1, 23, 89),
('Pancake', 6, 32, 41, 366),
('Couscous', 0, 4, 23, 112),
('Cachaça', 0, 0, 32, 400),
('Beans', 2, 10, 23, 160);
















INSERT INTO label (label_name) VALUES
('Breakfast'),
('Brunch'),
('Lunch'),
('Dinner'),
('Supper'),
('Snack'),
('Dessert'),
('Cold Plate'),
('Warm Plate'),
('Appetizer'),
('Main Course'),
('Side Dish'),
('Salad'),
('Soup'),
('Sandwich'),
('Finger Food'),
('Vegetarian'),
('Vegan'),
('Gluten-Free'),
('Dairy-Free'),
('Low Carb'),
('High Protein'),
('Low Fat'),
('High Fiber'),
('Spicy'),
('Mild'),
('Sweet'),
('Savory'),
('Grilled'),
('Fried'),
('Baked'),
('Steamed'),
('Raw'),
('Marinated'),
('Slow Cooked'),
('Quick & Easy'),
('One-Pot'),
('Family-Friendly'),
('Gourmet');

INSERT INTO recipe_to_label (recipe_id, label_name) VALUES
(1, 'Dessert'),
(1, 'Baked'),
(1, 'Sweet'),
(2, 'Dinner'),
(2, 'Main Course'),
(2, 'Savory'),
(2, 'Quick & Easy'),
(3, 'Dessert'),
(3, 'Baked'),
(3, 'Sweet'),
(4, 'Dinner'),
(4, 'Main Course'),
(4, 'Savory'),
(4, 'Slow Cooked'),
(4, 'High Protein'),
(4, 'Family-Friendly'),
(5, 'Dessert'),
(5, 'Baked'),
(5, 'Sweet'),
(6, 'Dinner'),
(6, 'Main Course'),
(6, 'Spicy'),
(6, 'Savory'),
(6, 'High Protein'),
(7, 'Breakfast'),
(7, 'Brunch'),
(7, 'Baked'),
(7, 'Savory'),
(8, 'Lunch'),
(8, 'Dinner'),
(8, 'Main Course'),
(8, 'Cold Plate'),
(8, 'Savory'),
(8, 'Gluten-Free'),
(8, 'Dairy-Free'),
(8, 'Low Fat'),
(8, 'High Protein'),
(9, 'Dessert'),
(9, 'Cold Plate'),
(9, 'Sweet'),
(10, 'Dinner'),
(10, 'Main Course'),
(10, 'Warm Plate'),
(10, 'Vegetarian'),
(10, 'Vegan'),
(10, 'Gluten-Free'),
(10, 'Dairy-Free'),
(10, 'High Fiber'),
(10, 'Low Fat'),
(10, 'Family-Friendly'),
(11, 'Breakfast'),
(11, 'Brunch'),
(11, 'Snack'),
(11, 'Dessert'),
(11, 'Baked'),
(11, 'Sweet'),
(12, 'Lunch'),
(12, 'Dinner'),
(12, 'Main Course'),
(12, 'Vegetarian'),
(12, 'Savory'),
(12, 'Quick & Easy'),
(12, 'Family-Friendly'),
(13, 'Dessert'),
(13, 'Sweet'),
(13, 'Baked'),
(14, 'Main Course'),
(14, 'Quick & Easy'),
(15, 'Dessert'),
(15, 'Sweet'),
(15, 'Baked'),
(16, 'Main Course'),
(16, 'Spicy'),
(17, 'Snack'),
(17, 'Dessert'),
(17, 'Sweet'),
(17, 'Baked'),
(18, 'Main Course'),
(18, 'High Protein'),
(18, 'Baked'),
(19, 'Dessert'),
(19, 'Sweet'),
(19, 'Baked'),
(20, 'Soup'),
(20, 'Spicy'),
(21, 'Dessert'),
(21, 'Sweet'),
(22, 'Main Course'),
(23, 'Main Course'),
(23, 'Fried'),
(24, 'Main Course'),
(25, 'Dessert'),
(25, 'Sweet'),
(25, 'Baked'),
(26, 'Spicy'),
(26, 'Main Course'),
(26, 'One-Pot'),
(27, 'Dessert'),
(27, 'Sweet'),
(27, 'Vegan'),
(27, 'Gluten-Free'),
(28, 'Soup'),
(29, 'Dessert'),
(29, 'Sweet'),
(29, 'Gourmet'),
(30, 'Quick & Easy'),
(30, 'Vegetarian'),
(31, 'Dessert'),
(31, 'Sweet'),
(31, 'Vegetarian'),
(32, 'Grilled'),
(32, 'Main Course'),
(32, 'High Protein'),
(33, 'Dessert'),
(33, 'Sweet'),
(33, 'Gourmet'),
(34, 'Soup'),
(34, 'Cold Plate'),
(34, 'Vegetarian'),
(34, 'Vegan'),
(35, 'Dessert'),
(35, 'Sweet'),
(35, 'Baked'),
(36, 'Dessert'),
(36, 'Sweet'),
(36, 'Baked'),
(37, 'Dessert'),
(37, 'Sweet'),
(37, 'Baked'),
(37, 'Cold Plate'),
(38, 'Grilled'),
(38, 'Finger Food'),
(38, 'Quick & Easy'),
(39, 'Dessert'),
(39, 'Sweet'),
(39, 'Gourmet'),
(40, 'Main Course'),
(40, 'Baked'),
(41, 'Dessert'),
(41, 'Sweet'),
(42, 'Main Course'),
(42, 'Baked'),
(43, 'Sweet'),
(43, 'Dessert'),
(44, 'Main Course'),
(44, 'One-Pot'),
(45, 'Dessert'),
(45, 'Sweet'),
(46, 'Main Course'),
(46, 'Fried'),
(47, 'Main Course'),
(47, 'Grilled'),
(48, 'Soup'),
(48, 'Savory'),
(48, 'Vegan'),
(48, 'Gluten-Free'),
(48, 'Dairy-Free'),
(48, 'Low Fat'),
(48, 'High Protein'),
(49, 'Grilled'),
(49, 'Main Course'),
(49, 'Savory'),
(49, 'High Protein'),
(50, 'Fried'),
(50, 'Main Course'),
(50, 'High Protein'),
(51, 'Appetizer'),
(51, 'Cold Plate'),
(51, 'Vegetarian'),
(51, 'Gluten-Free'),
(51, 'Low Carb'),
(51, 'High Protein'),
(52, 'Dessert'),
(52, 'Sweet'),
(52, 'Vegan'),
(52, 'Dairy-Free'),
(53, 'Main Course'),
(53, 'High Protein'),
(53, 'Gluten-Free'),
(54, 'Side Dish'),
(54, 'Gluten-Free'),
(54, 'Vegetarian'),
(55, 'Main Course'),
(55, 'High Protein'),
(55, 'Baked'),
(56, 'Appetizer'),
(56, 'High Fiber'),
(56, 'Dairy-Free'),
(56, 'Vegetarian'),
(57, 'Salad'),
(57, 'Cold Plate'),
(57, 'Vegetarian'),
(57, 'Gluten-Free'),
(57, 'Low Carb'),
(57, 'Low Fat'),
(58, 'Appetizer'),
(58, 'Baked'),
(58, 'Vegetarian'),
(59, 'Grilled'),
(59, 'Marinated'),
(59, 'Quick & Easy'),
(59, 'Main Course'),
(60, 'Spicy'),
(60, 'Main Course'),
(61, 'Spicy'),
(61, 'Main Course'),
(62, 'Spicy'),
(62, 'Soup'),
(63, 'Fried'),
(63, 'Appetizer'),
(64, 'Steamed'),
(64, 'Appetizer'),
(65, 'Fried'),
(65, 'Main Course'),
(66, 'Main Course'),
(67, 'Spicy'),
(67, 'Main Course'),
(68, 'Main Course'),
(69, 'Snack'),
(70, 'Appetizer'),
(70, 'Main Course'),
(70, 'Vegetarian'),
(70, 'Fried'),
(71, 'Main Course'),
(71, 'Warm Plate'),
(71, 'High Protein'),
(71, 'Dairy-Free'),
(72, 'Main Course'),
(72, 'Warm Plate'),
(72, 'High Protein'),
(72, 'Spicy'),
(73, 'Main Course'),
(73, 'Warm Plate'),
(73, 'Vegetarian'),
(73, 'Dairy-Free'),
(74, 'Main Course'),
(74, 'Warm Plate'),
(74, 'High Protein'),
(74, 'Spicy'),
(75, 'Main Course'),
(75, 'Warm Plate'),
(75, 'Vegetarian'),
(75, 'High Fiber'),
(76, 'Main Course'),
(76, 'Warm Plate'),
(76, 'High Protein'),
(76, 'Dairy-Free'),
(77, 'Main Course'),
(77, 'Warm Plate'),
(77, 'Vegetarian'),
(77, 'Vegan'),
(78, 'Main Course'),
(78, 'Warm Plate'),
(78, 'Vegetarian'),
(78, 'Vegan'),
(79, 'Soup'),
(79, 'Main Course'),
(79, 'Warm Plate'),
(79, 'High Protein'),
(80, 'Salad'),
(80, 'Appetizer'),
(80, 'Vegetarian'),
(80, 'Vegan'),
(81, 'Main Course'),
(81, 'High Protein'),
(81, 'Spicy'),
(81, 'Slow Cooked'),
(82, 'Soup'),
(82, 'High Protein'),
(82, 'Spicy'),
(82, 'Dairy-Free'),
(83, 'Main Course'),
(83, 'High Protein'),
(83, 'Spicy'),
(83, 'Quick & Easy'),
(84, 'Main Course'),
(84, 'High Protein'),
(84, 'Dairy-Free'),
(84, 'Quick & Easy'),
(85, 'Main Course'),
(85, 'High Protein'),
(85, 'Dairy-Free'),
(85, 'Quick & Easy'),
(86, 'Appetizer'),
(86, 'Dairy-Free'),
(86, 'Spicy'),
(86, 'Vegetarian'),
(87, 'Main Course'),
(87, 'High Protein'),
(87, 'Dairy-Free'),
(87, 'Gourmet'),
(88, 'Dessert'),
(88, 'Dairy-Free'),
(88, 'Vegetarian'),
(88, 'Sweet'),
(89, 'Appetizer'),
(89, 'Dairy-Free'),
(89, 'Quick & Easy'),
(89, 'Gourmet'),
(90, 'Appetizer'),
(90, 'High Protein'),
(90, 'Vegan'),
(90, 'Gluten-Free'),
(91, 'Salad'),
(91, 'Vegan'),
(91, 'Dairy-Free'),
(91, 'Quick & Easy'),
(92, 'Vegetarian'),
(92, 'Vegan'),
(92, 'Gluten-Free'),
(92, 'Dairy-Free'),
(92, 'Low Carb'),
(92, 'High Protein'),
(92, 'Spicy'),
(92, 'Fried'),
(93, 'Vegetarian'),
(93, 'Vegan'),
(93, 'Gluten-Free'),
(93, 'Dairy-Free'),
(93, 'Low Carb'),
(93, 'High Protein'),
(93, 'Mild'),
(94, 'Gluten-Free'),
(94, 'Dairy-Free'),
(94, 'Low Carb'),
(94, 'High Protein'),
(94, 'Spicy'),
(94, 'Grilled'),
(95, 'Dairy-Free'),
(95, 'Low Carb'),
(95, 'High Protein'),
(95, 'Spicy'),
(95, 'Fried'),
(96, 'Gluten-Free'),
(96, 'Dairy-Free'),
(96, 'Low Carb'),
(96, 'High Protein'),
(96, 'Spicy'),
(96, 'Grilled'),
(97, 'Dairy-Free'),
(97, 'Low Carb'),
(97, 'High Protein'),
(97, 'Baked'),
(98, 'Vegetarian'),
(98, 'Dairy-Free'),
(98, 'High Fiber'),
(98, 'Sweet'),
(98, 'Baked'),
(99, 'Dairy-Free'),
(99, 'High Fiber'),
(99, 'Savory'),
(99, 'Baked'),
(100, 'Vegetarian'),
(100, 'High Fiber'),
(100, 'Sweet'),
(101, 'Dairy-Free'),
(101, 'Low Carb'),
(101, 'High Protein'),
(101, 'Spicy'),
(101, 'Grilled'),
(102, 'Dairy-Free'),
(102, 'Low Carb'),
(102, 'High Protein'),
(102, 'Spicy'),
(102, 'Grilled'),
(103, 'Dairy-Free'),
(103, 'Low Carb'),
(103, 'High Protein'),
(103, 'Spicy'),
(104, 'Dairy-Free'),
(104, 'Low Carb'),
(104, 'High Protein'),
(104, 'Spicy'),
(104, 'Grilled'),
(105, 'Warm Plate'),
(105, 'Main Course'),
(105, 'Family-Friendly'),
(105, 'Gourmet'),
(106, 'Breakfast'),
(106, 'Brunch'),
(106, 'Warm Plate'),
(106, 'Quick & Easy'),
(106, 'Family-Friendly'),
(107, 'Dessert'),
(107, 'Sweet'),
(107, 'Vegetarian'),
(107, 'Vegan'),
(108, 'Cold Plate'),
(108, 'Appetizer'),
(108, 'Quick & Easy'),
(108, 'Gluten-Free'),
(108, 'Dairy-Free'),
(109, 'Warm Plate'),
(109, 'Main Course'),
(109, 'High Protein'),
(109, 'Quick & Easy'),
(110, 'Warm Plate'),
(110, 'Main Course'),
(110, 'Family-Friendly'),
(111, 'Grilled'),
(111, 'Appetizer'),
(111, 'High Protein'),
(112, 'Warm Plate'),
(112, 'Side Dish'),
(112, 'Vegetarian'),
(112, 'Gluten-Free'),
(112, 'Mild'),
(113, 'Cold Plate'),
(113, 'Appetizer'),
(113, 'Side Dish'),
(113, 'Family-Friendly'),
(113, 'Gluten-Free'),
(114, 'Dessert'),
(114, 'Sweet'),
(114, 'Vegetarian'),
(114, 'Dairy-Free'),
(114, 'Family-Friendly'),
(115, 'Main Course'),
(115, 'Slow Cooked'),
(115, 'Family-Friendly'),
(115, 'Gourmet'),
(116, 'Vegetarian'),
(116, 'Vegan'),
(116, 'Side Dish'),
(116, 'Quick & Easy'),
(117, 'Main Course'),
(117, 'Baked'),
(117, 'Gourmet'),
(118, 'Soup'),
(118, 'Warm Plate'),
(118, 'High Protein'),
(119, 'Quick & Easy'),
(120, 'Main Course'),
(120, 'Baked'),
(120, 'Family-Friendly'),
(121, 'Sandwich'),
(121, 'Main Course'),
(121, 'Spicy'),
(122, 'Dessert'),
(122, 'Finger Food'),
(122, 'Sweet'),
(122, 'Gourmet'),
(123, 'Soup'),
(123, 'High Fiber'),
(123, 'Low Fat'),
(123, 'Mild'),
(123, 'Savory'),
(123, 'Steamed'),
(124, 'Main Course'),
(124, 'High Protein'),
(124, 'Low Carb'),
(124, 'Savory'),
(124, 'Fried'),
(125, 'Main Course'),
(125, 'High Protein'),
(125, 'Slow Cooked'),
(125, 'Savory'),
(126, 'Snack'),
(126, 'Gluten-Free'),
(126, 'Savory'),
(126, 'Baked'),
(127, 'Main Course'),
(127, 'High Protein'),
(127, 'High Fiber'),
(127, 'Savory'),
(127, 'Slow Cooked'),
(128, 'Quick & Easy'),
(128, 'Sweet'),
(128, 'Mild'),
(129, 'Dessert'),
(129, 'Sweet'),
(129, 'Dairy-Free'),
(130, 'Vegetarian'),
(130, 'Vegan'),
(130, 'Gluten-Free'),
(130, 'Savory'),
(131, 'Main Course'),
(131, 'High Protein'),
(131, 'High Fiber'),
(131, 'Savory'),
(131, 'Slow Cooked'),
(132, 'Warm Plate'),
(132, 'High Protein'),
(132, 'High Fiber'),
(133, 'Warm Plate'),
(133, 'High Protein'),
(133, 'High Fiber'),
(134, 'Grilled'),
(134, 'High Protein'),
(134, 'Low Carb'),
(135, 'Warm Plate'),
(135, 'High Protein'),
(135, 'High Fiber'),
(136, 'Main Course'),
(136, 'High Protein'),
(136, 'Savory'),
(137, 'Main Course'),
(137, 'High Protein'),
(137, 'Savory'),
(138, 'Dessert'),
(138, 'Sweet'),
(139, 'Warm Plate'),
(139, 'High Protein'),
(139, 'High Fiber'),
(140, 'Soup'),
(140, 'High Protein'),
(140, 'Savory'),
(141, 'Warm Plate'),
(141, 'High Protein'),
(142, 'Salad'),
(142, 'High Protein'),
(142, 'Dairy-Free'),
(143, 'Main Course'),
(143, 'High Protein'),
(143, 'Savory'),
(144, 'High Protein'),
(144, 'Sweet');
